expmntID,Land Use - CBD Focus,Freeway Capacity,Auto IVTT Sensitivity,Shared Mobility,Kensington Decommissioning,LRT Extension,Region-wide VMT,Interstate + Expressway + Ramp/Connector VMT,Major and Minor Arterials VMT,Total Auto VMT,Total Truck VMT,Daily Auto VMT - Interstate,Daily Truck VMT - Interstate,Daily Total VMT - Interstate,Daily Auto VMT - Expressway,Daily Truck VMT - Expressway,Daily Total VMT - Expressway,Daily Auto VMT - Major Arterial,Daily Truck VMT - Major Arterial,Daily Total VMT - Major Arterial,Daily Auto VMT - Minor Arterial,Daily Truck VMT - Minor Arterial,Daily Total VMT - Minor Arterial,Daily Auto VMT - Collector,Daily Truck VMT - Collector,Daily Total VMT - Collector,Daily Auto VMT - Freeway On-Ramp,Daily Truck VMT - Freeway On-Ramp,Daily Total VMT - Freeway On-Ramp,Daily Auto VMT - Freeway Off-Ramp,Daily Truck VMT - Freeway Off-Ramp,Daily Total VMT - Freeway Off-Ramp,Daily Auto VMT - Freeway to Freeway Connector,Daily Truck VMT - Freeway to Freeway Connector,Daily Total VMT - Freeway to Freeway Connector,Daily Auto VMT - Toll Booth,Daily Truck VMT - Toll Booth,Daily Total VMT - Toll Booth,Daily Auto VMT - Border Control,Daily Truck VMT - Border Control,Daily Total VMT - Border Control,Daily Auto VMT - Canadian Interstate,Daily Truck VMT - Canadian Interstate,Daily Total VMT - Canadian Interstate,Daily Auto VMT - Canadian Expressway,Daily Truck VMT - Canadian Expressway,Daily Total VMT - Canadian Expressway,Daily Auto VMT - Canadian Major Arterial,Daily Truck VMT - Canadian Major Arterial,Daily Total VMT - Canadian Major Arterial,AM Trip Time (minutes),AM Trip Length (miles),PM Trip Time (minutes),PM Trip Length (miles),Total Transit Boardings,Total LRT Boardings,Peak Transit Share,Peak NonMotorized Share,Off-Peak Transit Share,Off-Peak NonMotorized Share,Daily Transit Share,Daily NonMotorized Share,Downtown to Airport Travel Time,Households within 30 min of CBD,Number of Home-based work tours taking <= 45 minutes via transit,Corridor Kensington Daily VMT,Corridor Kensington Daily VHT,Corridor Kensington_OB PM VMT,Corridor Kensington_OB PM VHT,Corridor Kensington_IB AM VMT,Corridor Kensington_IB AM VHT,Corridor 190 Daily VMT,Corridor 190 Daily VHT,Corridor 190_OB Daily VMT,Corridor 190_OB Daily VHT,Corridor 190_IB Daily VMT,Corridor 190_IB Daily VHT,Corridor 33_west Daily VMT,Corridor 33_west Daily VHT,Corridor I90_south Daily VMT,Corridor I90_south Daily VHT,OD Volume District 1 to 1,OD Volume District 1 to 2,OD Volume District 1 to 3,OD Volume District 1 to 4,OD Volume District 1 to 5,OD Volume District 1 to 6,OD Volume District 1 to 7,OD Volume District 1 to 8,OD Volume District 1 to 9,OD Volume District 1 to 10
1,0.9995388981687227,1.639593548766387,0.8016925990096437,0.47002251989564375,0.0,1.0,24355788.833195996,9277751.346935999,9779778.552416,21831030.514123,2524758.319072,5511496.15686,750479.016624,6261975.173484,2068158.616619,106223.787068,2174382.403686,4485158.849946,280402.280231,4765561.130177,4660246.226586,353971.195653,5014217.422239,1832182.676723,120379.814137,1952562.490861,254886.024397,16959.237135,271845.261531,257649.611986,18544.670511,276194.282497,270394.491367,22959.734371,293354.225738,6305.135663,1735.331439,8040.467102,403889.638647,403349.690237,807239.328885,4115.616599,22109.023758,26224.640358,155720.166573,117208.492028,272928.658601,1920827.302157,310436.04588,2231263.348037,14.616355,7.717559,15.355201,8.461572,97166.890669,28046.052854,0.018491,0.067609,0.015089,0.064372,0.016649,0.065857,13.95121,393180.0,334934.968,191989.231597,213728.059699,25004.910625,28084.94985,22395.071566,26633.937495,268054.924724,270050.83987,35391.919825,39728.134163,28826.337539,29636.136903,44631.490946,52690.847051,144199.05061,143932.692627,59600.832031,22058.90625,21520.373047,6553.426758,2908.605713,16086.587891,1403.730225,2657.869873,5271.045898,1422.253662
2,1.0734971823297035,1.6123468160053869,0.886791042455083,0.6249413637288531,0.0,0.0,25961103.089546002,9933515.941075,10422576.351523,23266044.278698,2695058.8108460004,5896777.834915,793741.21313,6690519.048045,2215991.110961,112732.458575,2328723.569536,4771045.226581,301225.154726,5072270.381307,4970496.067012,379809.903204,5350305.970216,1938078.289786,128947.190065,2067025.479852,277300.657824,18455.442558,295756.100382,281039.265999,20180.889143,301220.155142,292571.529696,24725.538274,317297.06797,6567.485266,1798.954812,8366.440078,419183.468285,430961.640597,850145.108883,4311.95549,23885.789046,28197.744536,160235.225244,126029.708247,286264.933491,2032446.161639,332564.928469,2365011.090108,14.71294,7.583588,15.352489,8.283321,89693.085097,22753.934521,0.015956,0.064964,0.012865,0.061131,0.014281,0.062886,14.192117,422200.0,346505.0,218444.109058,248217.347586,28250.455532,32559.350123,25767.920897,32048.774368,299807.829435,310947.60967,39511.451397,47223.650759,32529.564701,34789.692026,48427.806098,59042.775762,155658.798499,158282.642327,71306.265625,25853.689453,25405.210938,7398.211914,3246.374023,18493.880859,1529.762329,2898.253662,5747.681152,1554.235596
3,0.9561633726781472,1.841358621059336,0.8075856441690418,0.1711919209021332,1.0,1.0,23346657.170608,8813417.096889999,9426674.320062,20891533.245903995,2455123.924702,5398834.596971,736853.928724,6135688.525694,1788613.362599,97432.161875,1886045.524475,4338284.176959,274835.997474,4613120.174433,4468747.706864,344806.438766,4813554.145629,1755722.525666,117132.077607,1872854.603273,235490.434492,16130.641312,251621.075804,237264.620472,17739.499961,255004.120434,262632.159394,22425.691088,285057.850483,6165.527221,1706.646052,7872.173273,393730.929809,390795.566284,784526.496093,4131.788613,21302.161486,25433.950099,153768.578325,113175.87406,266944.452386,1848146.838519,300787.240013,2148934.078532,14.53884,7.797316,15.354399,8.58028,100553.922956,27538.933438,0.019829,0.070397,0.016192,0.067631,0.017863,0.068901,13.725364,376369.0,321031.531,57957.150155,94345.269248,6646.941382,12340.867487,5880.265188,9635.535888,264016.544443,260280.160868,34934.84243,37477.273907,28839.900455,28970.531624,39327.108957,43802.900352,145691.270004,143008.081681,53447.859375,19791.6875,19184.689453,6018.204102,2682.767578,14639.206055,1302.112549,2482.875732,4922.974609,1324.150513
4,1.0329738289456016,1.457687732979052,0.8851393676999718,0.5871377708304757,1.0,0.0,25115050.956749998,9397094.119863,10262830.572838001,22496444.318816997,2618606.637936,5750791.966799,774841.065208,6525633.032007,1913909.878271,102349.011729,2016258.889999,4732326.007642,297147.87507,5029473.882712,4862227.739587,371128.95054,5233356.690126,1881761.630651,125483.373095,2007245.003746,254677.217639,17343.782106,272020.999745,257548.132402,19056.865445,276604.997847,282575.786901,24000.413364,306576.200265,6457.348167,1763.01514,8220.363306,413268.916507,418201.767344,831470.683851,4369.592505,23060.441002,27430.033507,157872.827086,121822.952845,279695.779931,1978657.27466,322407.125048,2301064.399708,14.748041,7.607562,15.422307,8.330018,86252.954812,21736.590687,0.015871,0.064851,0.012814,0.061203,0.014214,0.062874,14.366745,402853.0,332934.781,65881.31947,107940.056677,7614.442994,14113.392405,6540.561652,11420.034069,298177.94326,317494.241193,38594.322849,48504.105476,32684.167135,36517.552099,42949.485365,51892.160403,157431.328318,164620.791314,66331.648438,24080.673828,23589.21875,6951.42627,3054.399414,17339.943359,1444.389526,2758.496826,5462.157227,1472.427124
5,1.0922291948887266,1.4324708698977036,0.839650066672773,0.38371529109263675,1.0,0.0,25881907.810976,9723267.218317002,10555271.160616,23154521.86764,2727385.9433359997,5949774.08099,801938.126575,6751712.207565,1980482.517025,105439.868762,2085922.385787,4868255.458719,310277.356227,5178532.814946,4989479.026101,387259.319569,5376738.34567,1927341.941066,130338.783238,2057680.724304,262990.501763,18217.596892,281208.098656,266081.695676,20018.129259,286099.824935,293223.556098,25101.145276,318324.701374,6639.283795,1806.620352,8445.904146,423467.968572,437444.256244,860912.224815,4604.469154,24293.773174,28898.242328,161222.952217,127955.236835,289178.189052,2020958.416464,337295.730933,2358254.147398,15.013844,7.643746,15.64221,8.364901,119800.687656,27552.900549,0.020547,0.072895,0.016915,0.069462,0.018582,0.071038,14.491434,424703.0,352927.156,67540.359247,111848.1448,7892.061719,14856.964966,6683.561272,11794.581777,309481.161143,335961.494334,39991.828255,52404.758939,33844.186771,38901.742507,44196.003288,54408.555896,163079.736471,173219.908467,67162.84375,24516.933594,24265.869141,7355.155762,3263.333496,18146.066406,1553.50415,2914.27832,5819.197754,1551.868896
6,1.1631408865915391,1.5520275202421923,0.9582060086465309,0.555912664452918,0.0,0.0,27250552.028865,10456059.422423001,10934242.974783,24385751.374401007,2864800.654466,6205250.909259,835469.652498,7040720.561757,2327867.00577,118597.79769,2446464.80346,5005457.103879,321172.899364,5326630.003242,5202515.994348,405096.977193,5607612.971541,2014865.170348,136630.065684,2151495.236032,293177.295709,19904.258544,313081.554253,297609.309004,21760.161991,319369.470995,309946.310708,26476.72125,336423.031958,6837.796452,1860.420838,8698.217289,435571.665943,460997.158591,896568.824534,4664.126363,25797.471738,30461.598101,164815.255994,135452.735973,300267.991967,2117173.430624,355584.333112,2472757.763736,14.957066,7.541476,15.517103,8.221004,119305.210337,28659.081982,0.019372,0.070921,0.015889,0.067034,0.017485,0.068815,14.452246,456063.0,375521.218,234040.515095,271137.471111,30208.672263,35713.19474,27903.216139,36345.256878,322338.233073,345314.546058,42087.618259,53821.894191,35151.852981,39442.32336,50936.213939,64460.007097,164322.030815,170810.664886,77257.03125,27889.560547,27683.001953,8040.206543,3551.043701,20246.572266,1642.004639,3101.427734,6178.162109,1652.948364
7,0.9699746148595525,1.7057278064842532,0.826729710353573,0.6068789530811137,1.0,0.0,24126146.251731,9084330.807110999,9795754.130548999,21646214.336907994,2479931.914821,5569505.250777,743230.999332,6312736.250109,1849678.933145,98178.182075,1947857.11522,4514771.016202,278057.448689,4792828.464892,4654905.172688,348020.49297,5002925.665657,1817041.700907,118377.866821,1935419.567727,245744.903079,16297.728621,262042.631701,247753.245534,17918.102666,265671.348201,273344.102392,22679.359488,296023.46188,6217.209853,1716.876837,7934.08669,397901.222322,395174.421084,793075.643406,4098.928202,21577.214374,25676.142576,154145.841413,114551.860066,268697.701479,1911106.810394,304151.361798,2215258.172193,14.530475,7.681232,15.276314,8.420854,71743.70992,18377.946891,0.014109,0.061754,0.011277,0.058235,0.012574,0.059847,13.930867,380010.0,312635.718,62616.996878,99023.723314,7307.023797,12977.054483,6186.134219,10192.026734,281418.583091,284143.037385,37130.155075,41878.202377,30821.370897,31950.358825,41411.35383,47300.141477,151685.38551,151756.203298,60447.964844,22191.722656,21572.429688,6441.858398,2816.09375,15878.939453,1350.762329,2588.510254,5102.104492,1390.604492
8,1.078975796575172,1.0820068329890975,0.846428590062624,0.3373059256051602,0.0,0.0,25430428.871581003,9372187.518118,10478635.767269,22732721.374227,2697707.497351,5538258.753847,781278.515337,6319537.269185,2096056.294877,111131.862883,2207188.15776,4815306.47794,307302.667901,5122609.145842,4970693.370863,385333.250564,5356026.621427,1928322.444473,129806.904194,2058129.348667,255514.329282,17944.673521,273459.002803,259918.484896,19595.11519,279513.600086,268281.408129,24208.080155,292489.488284,6676.272323,1780.008777,8456.2811,427453.485912,434718.277803,862171.763714,4437.294048,24075.537587,28512.831636,160511.347531,126628.747851,287140.095382,2001291.410106,333903.855588,2335195.265695,15.197375,7.594077,15.815995,8.331794,119064.538837,26976.684263,0.020623,0.073192,0.016984,0.069815,0.018654,0.071365,15.090666,400821.0,348125.437,203249.750313,248412.695262,26324.096545,33758.367619,23025.244409,32715.419501,277652.509219,322329.482107,34644.144505,51550.623001,29316.586844,36209.370286,43114.551475,60781.219211,143839.132425,161642.677566,65483.894531,23977.392578,23685.060547,7195.307129,3178.876221,17681.992188,1512.816284,2851.909668,5677.821777,1523.365967
9,1.1845935489706747,1.3824708110422002,0.8141709930073152,0.8088348816464568,0.0,1.0,28300394.006255,10770592.551324999,11477046.303051,25395734.139581002,2904659.866675,6395613.62332,843534.229907,7239147.853227,2412135.880799,119236.721397,2531372.602195,5261262.648356,327624.976226,5588887.624583,5476422.143023,411736.535445,5888158.678468,2108123.385572,138777.874708,2246901.260279,303476.032071,20063.589419,323539.62149,308692.916318,21955.787877,330648.704195,319146.732067,26737.038151,345883.770218,6905.491952,1875.923877,8781.415829,440891.255342,467952.321268,908843.57661,4634.654602,26268.460674,30903.115276,166226.484515,137727.738063,303954.222578,2192202.891644,361168.669663,2553371.561307,15.27522,7.475366,15.749294,8.126948,102055.18779,33887.465287,0.017034,0.064389,0.013609,0.060051,0.015176,0.062035,14.969528,448078.0,393339.875,248570.062921,300202.949938,31796.029265,39727.075729,28903.826902,40850.777944,340766.802914,389874.11567,43336.779292,63141.550069,36748.844407,44888.7787,52047.292372,70838.517011,169955.028292,185262.559994,86572.515625,30907.035156,30533.6875,8544.862305,3756.910156,21900.689453,1750.825928,3287.683594,6524.285156,1751.227783
10,0.9483861802172988,1.216812657724714,0.9355682593324638,0.9362723402619297,0.0,1.0,23625140.63698,8738621.000043,9678471.451058999,21188139.572972998,2437001.0640049996,5171022.949121,721969.432009,5892992.38113,1956495.606973,102365.406983,2058861.013956,4442291.276122,273370.023863,4715661.299985,4619187.018752,343623.132322,4962810.151074,1808356.087747,117005.812264,1925361.900012,239101.410293,15955.04127,255056.451563,242537.436658,17463.616966,260001.053624,249916.347873,21793.751897,271710.09977,6247.613348,1684.047488,7931.660836,402111.852154,389360.80717,791472.659324,4163.876199,21180.676647,25344.552846,153757.645572,112403.209373,266160.854946,1892950.452161,298826.105753,2191776.557914,14.521759,7.564081,15.27,8.309248,61484.058437,20523.033278,0.012808,0.057669,0.009995,0.053952,0.011282,0.055653,14.411334,366366.0,317883.906,187074.90688,216999.403066,24040.874244,28580.688885,20946.850971,26702.65195,253408.709438,270295.884194,32385.943955,40667.998433,26805.743673,29479.179093,41045.941184,52432.342276,134570.878482,141497.233343,61267.699219,22242.578125,21451.302734,6193.520996,2704.785645,15584.504883,1270.351563,2495.786621,4873.131836,1335.548584
11,1.0077960232818073,1.4429644867067066,0.9736951529574212,0.5146220745021952,1.0,0.0,24330528.177087996,9071988.149472,9935827.403405,21754462.39818,2576065.7789079994,5539938.541101,763619.779217,6303558.320319,1847183.227284,101192.288482,1948375.515766,4576349.242627,292441.794543,4868791.03717,4701701.041732,365335.324503,5067036.366235,1825765.094477,123389.109461,1949154.203938,243888.643475,16969.501333,260858.144808,246366.687876,18657.52247,265024.210346,270630.120334,23541.837899,294171.958233,6368.561205,1746.933637,8115.494842,408591.108455,410606.635347,819197.743802,4364.535345,22568.201634,26932.736979,156582.72081,119415.500823,275998.221633,1926732.873459,316581.349559,2243314.223017,14.629151,7.616603,15.354794,8.365557,91269.554263,21771.696194,0.016992,0.067216,0.013821,0.063863,0.015275,0.065401,14.258527,394266.0,324438.218,63483.569523,101965.424246,7359.225031,13111.814899,6344.625398,10823.558972,282151.654993,296258.549652,36548.588693,44612.038114,30745.952254,33640.230802,41089.76174,49064.897894,150616.361072,156069.064452,61730.355469,22428.638672,21913.705078,6549.313965,2890.935547,16300.512695,1358.534058,2621.490234,5185.968262,1395.432739
12,1.015861930637143,1.5376773468303329,0.772485091683276,0.4463401616110164,1.0,1.0,24731060.028192997,9302054.661498,10056019.880609,22141542.900462,2589517.1277320003,5695958.560956,768256.565612,6464215.126569,1893805.882884,101418.473265,1995224.356149,4635377.202399,293045.975298,4928423.177697,4760896.54863,366700.154281,5127596.702912,1854739.690382,124216.723576,1978956.413957,250697.401461,17158.931693,267856.333153,252932.983611,18834.147077,271767.130688,279252.929073,23738.785867,302991.714939,6377.353516,1747.19922,8124.552736,407474.969683,413205.02275,820679.992433,4322.428496,22721.703981,27044.132477,156729.094156,120127.936162,276857.030318,1942977.855215,318345.50895,2261323.364165,14.790689,7.712673,15.501025,8.454711,102451.413474,29724.029716,0.019195,0.068576,0.01572,0.065314,0.017314,0.06681,14.184008,397420.0,338926.937,63089.786294,107434.133511,7330.089348,14478.32519,6350.692103,11079.121752,290005.301987,301779.090875,37780.658316,45321.426359,31749.719777,34361.360979,41970.011794,49495.219887,155253.189194,159559.43879,61388.609375,22548.978516,22008.107422,6717.51416,2990.400879,16550.548828,1446.708496,2723.895264,5416.913574,1450.951416
13,1.1834518230894555,1.511767629845145,0.835420426221599,0.7110704311028602,1.0,0.0,28211995.756572,10697862.334525999,11498546.196375001,25308200.846226003,2903794.910347,6581802.581329,848488.825959,7430291.407289,2163563.882405,110309.677587,2273873.559992,5296497.563789,330633.127577,5627130.691366,5459380.990788,412034.514222,5871415.505009,2086472.811802,138551.198556,2225024.010358,295722.29498,19763.900086,315486.195066,299205.516258,21697.432192,320902.94845,330176.399165,27131.824565,357308.223729,6875.134463,1859.320259,8734.454722,435806.763196,468545.108582,904351.871778,4466.794241,26266.857652,30733.651892,165918.571337,137605.155714,303523.727051,2182311.542473,360907.967396,2543219.50987,15.2432,7.503829,15.728056,8.157061,102036.637327,26993.226504,0.016676,0.065954,0.013392,0.061693,0.014895,0.063643,14.783708,453126.0,382204.968,74180.483035,129344.261903,8585.637272,17138.920089,7252.983483,13671.51021,359891.186356,406527.696413,46232.450844,65861.843769,39526.220493,48194.702523,49550.895545,62536.286485,183022.608207,198455.069568,84718.078125,30264.462891,30047.095703,8514.173828,3729.542236,21656.861328,1734.310913,3259.591553,6485.846191,1737.181641
14,0.9930310980231668,1.2828746201548422,0.7936956691855258,0.300198021112478,1.0,0.0,24061929.090836003,8898432.968643,9887321.109746,21547589.520743,2514339.570095,5431146.311779,744579.215499,6175725.527278,1827035.048201,98776.417843,1925811.466044,4568242.409958,285239.106148,4853481.516106,4678503.385356,355336.208285,5033839.59364,1822824.494555,120228.515871,1943053.010426,237208.405599,16336.319382,253544.724981,239486.421929,17923.723542,257410.145471,263184.149946,22756.954923,285941.104869,6379.089286,1714.236077,8093.325363,408801.93842,403172.551408,811974.489828,4363.218473,22066.742133,26429.960606,155670.873636,116774.693133,272445.566769,1904743.773605,309434.885851,2214178.659455,14.847397,7.700869,15.581256,8.463612,98682.44479,22495.370859,0.018534,0.069904,0.015145,0.06682,0.016701,0.068236,14.495469,383748.0,319164.406,62414.408045,100370.777271,7307.087059,13168.862657,6284.555905,10826.44568,272795.568975,293902.110317,35022.37002,45040.566327,29441.344587,33256.487702,39834.9538,49124.725469,147055.868507,156568.550124,57663.703125,21325.753906,20863.548828,6458.766113,2849.395996,15697.013672,1378.549561,2614.236572,5187.696289,1398.835449
15,0.9364752676785612,1.3313156479972044,0.9252389392811442,0.5199862839518381,1.0,1.0,23071955.527498003,8497112.292734,9480635.349369,20656229.651315995,2415725.876181,5183972.35877,720451.606284,5904423.965055,1737025.480504,95960.746663,1832986.227167,4375004.217178,273168.266276,4648172.483454,4491349.246599,341113.619317,4832462.865915,1754211.535535,115605.96127,1869817.496805,226550.858399,15553.405758,242104.264157,228577.474682,17110.425636,245687.900318,250123.658281,21786.277755,271909.936037,6185.009616,1677.831054,7862.84067,398637.025534,385363.632575,784000.658109,4368.870857,20925.177998,25294.048855,152949.510571,111163.718146,264113.228717,1847274.40479,295845.207449,2143119.612239,14.53292,7.657282,15.332728,8.435644,78609.70003,23405.828229,0.016005,0.063847,0.012929,0.060676,0.014339,0.06213,14.257401,362531.0,314349.312,58646.59791,97576.052002,6827.418121,13022.323932,5913.437928,9999.575931,256522.58614,268007.61137,33088.719099,39866.723812,27598.763336,29834.408105,37827.063669,45153.905268,139730.027742,144988.448453,55091.242188,20250.300781,19538.982422,5887.601074,2600.972168,14621.207031,1232.157593,2410.73291,4732.458008,1281.541382
16,0.8463308612995266,1.6903944813928953,0.9512789675911575,0.6402001903139828,0.0,0.0,21625049.105966,8068115.500746001,8743731.781341001,19378552.847936,2246496.2580290004,4786059.722,679313.075806,5465372.797806,1789620.472521,96183.471608,1885803.944129,4002514.276342,248212.285075,4250726.561417,4178559.81542,314445.404503,4493005.219924,1662618.04363,107867.779092,1770485.822723,217657.503135,14526.24388,232183.747015,219100.876436,15894.054178,234994.930613,229740.728369,20019.352814,249760.081183,5869.450097,1621.625651,7491.075748,379506.73677,355015.547906,734522.284676,3928.887188,18994.521116,22923.408304,148114.256636,101676.831778,249791.088414,1755262.079392,272726.064622,2027988.144014,14.143954,7.697925,15.042941,8.503714,48348.481624,12361.051653,0.010871,0.056678,0.008557,0.053459,0.009617,0.054934,13.451106,331038.0,271163.531,157236.827041,170987.735118,20412.832937,22234.541853,17584.786433,19919.224283,218461.929564,212187.196324,28775.117787,29920.754472,22938.722791,22410.443826,38097.870793,42872.954879,123779.022644,120184.812548,48287.539063,18003.068359,17072.859375,5196.77002,2230.69751,12675.835938,1053.691284,2122.265381,4086.644775,1148.09668
17,0.8971347760726159,1.481847900086261,0.8585875132860357,0.34316147946851766,0.0,1.0,22322041.901417002,8341408.220861,9033842.171737999,19979795.902246002,2342245.999171,4944204.781168,701956.167055,5646160.948223,1853933.486628,99408.832003,1953342.318631,4141668.482588,260446.749676,4402115.232264,4302750.061121,328976.878353,4631726.939474,1704380.974614,112171.429128,1816552.403742,224636.048768,15288.047471,239924.096239,226838.951333,16718.92291,243557.874244,237471.536285,20951.447239,258422.983524,6054.411991,1657.764259,7712.17625,390583.534453,371815.231997,762398.766451,4179.033435,20072.301889,24251.335324,151176.472674,107029.929052,258206.401725,1791918.127188,285752.298139,2077670.425326,14.409106,7.743599,15.27135,8.5464,77624.839362,22064.027382,0.016303,0.064867,0.013242,0.062044,0.014646,0.063339,13.715924,349015.0,301753.406,164539.68838,181969.108743,21469.675656,23932.575799,18623.753038,21765.027144,229224.273605,228396.763535,30023.514262,32876.765029,24197.726914,24433.995198,39034.737596,45629.390595,127687.163091,126974.220792,49797.886719,18550.25,17778.925781,5528.433594,2432.526123,13454.334961,1171.198486,2284.534424,4476.963379,1226.626831
18,0.9307978468286069,1.3975442242355214,0.8704211110076723,0.4764787954823377,0.0,1.0,22999713.130707998,8595336.125997001,9325240.697618999,20594100.095889002,2405613.0348169995,5091987.442199,716855.157596,5808842.599795,1916106.305364,101606.528073,2017712.833437,4275086.904494,268051.43208,4543138.336575,4443912.885821,338189.475223,4782102.361044,1754338.562965,115398.991188,1869737.554153,232929.271327,15800.310725,248729.582053,235371.639539,17270.921382,252642.560921,245825.679792,21582.869999,267408.549791,6175.340955,1674.684767,7850.025722,396870.502034,383457.259531,780327.761565,4375.725772,20800.247265,25175.973037,152448.394703,110551.727992,263000.122695,1838671.440924,294373.428996,2133044.86992,14.495459,7.699136,15.306333,8.480502,80735.217294,23490.307393,0.016447,0.064685,0.013346,0.061629,0.014768,0.063031,13.907342,362878.0,312094.625,174102.630818,195206.034488,22793.698603,25912.213615,19786.344356,23732.13859,241579.442928,245736.104566,31393.859272,35838.042221,25595.073912,26552.2263,40449.626878,48674.05752,132104.757794,133645.941307,53772.292969,19919.423828,19196.929688,5866.380859,2588.897705,14404.364258,1240.577759,2406.087891,4729.836426,1288.673706
19,1.025664969196187,1.7648107053570148,0.851627013098855,0.4389789104822107,0.0,1.0,24783770.833386004,9497049.660875998,9906420.646495,22176134.74521,2607636.0881739995,5637073.562656,772227.645244,6409301.2079,2112510.753984,109934.730185,2222445.484169,4533047.226782,290429.561008,4823476.78779,4715401.103571,367542.755134,5082943.858705,1852370.6741,124800.29109,1977170.96519,261459.410591,17745.381106,279204.791698,264854.974699,19414.60701,284269.581709,277949.354514,23879.240886,301828.5954,6370.586487,1768.122305,8138.708793,407739.436727,415292.549486,823031.986213,4211.642297,22884.019491,27095.661789,157329.494251,121092.112022,278421.606272,1945816.524551,320625.073207,2266441.597758,14.605436,7.705249,15.327345,8.438904,105639.152545,30169.651109,0.019554,0.069282,0.016018,0.066018,0.01764,0.067515,13.899669,405179.0,342934.625,198670.961322,220236.437552,25948.502661,28975.158981,23476.269475,27768.263035,276843.659242,276919.695878,36738.658587,40665.17259,29847.899859,30423.926083,45963.781187,53594.718185,147893.339206,146428.115865,62035.808594,22774.568359,22238.228516,6748.193359,3009.174072,16670.695313,1442.541504,2726.5625,5417.417969,1456.005005
20,0.9179507297471173,1.852248213424426,0.8827481289273515,0.7325716716105749,1.0,1.0,23187846.013729993,8701741.69325,9413372.335958,20803376.750544,2384469.2631870005,5334859.762893,718978.23332,6053837.996212,1766320.279062,95300.202679,1861620.481741,4333901.502543,266403.776523,4600305.279066,4478833.764538,334233.292354,4813067.056892,1754872.483043,113977.967202,1868850.450244,234912.903418,15559.810155,250472.713574,236590.055112,17107.216612,253697.271724,260410.220672,21703.009327,282113.229999,6075.644495,1673.762359,7749.406854,388217.027433,378648.839326,766865.866759,3888.365875,20514.600505,24402.96638,151432.461737,109198.812706,260631.274443,1853062.279723,291169.740119,2144232.019842,14.314862,7.679226,15.11892,8.435989,59919.112471,19681.880393,0.012793,0.057689,0.01006,0.054151,0.011311,0.055771,13.715433,359668.0,308644.218,58571.511572,95821.089246,6687.17124,12422.730313,5878.134638,9663.117245,264069.050436,260043.347299,34996.052039,37465.831333,28794.22928,28827.549751,39315.933302,43699.49455,144679.747496,141729.158759,56876.378906,20842.75,20020.662109,5914.50293,2587.999268,14730.90625,1228.82666,2408.068604,4705.829102,1288.631226
21,0.942368320715792,1.734967080084632,0.9423919126424453,0.5469553675074588,0.0,0.0,23304927.638279,8827878.326766001,9364237.562008,20875416.669200998,2429510.969079,5238698.768545,727188.492524,5965887.261069,1961863.404961,103035.506459,2064898.911419,4287932.42261,269200.285236,4557132.707846,4466795.17181,340309.682352,4807104.854162,1761379.903629,116119.780746,1877499.684375,241592.066349,16175.747696,257767.814045,244163.476987,17700.270318,261863.747304,255476.2018,21984.391129,277460.592929,6139.033255,1701.992504,7841.025759,394849.278277,386016.868633,780866.146911,4365.379619,21002.9531,25368.332719,153157.896447,111769.216692,264927.113139,1859003.664912,297305.78169,2156309.446602,14.332447,7.679851,15.13442,8.439151,72406.285318,17613.528585,0.014463,0.062968,0.011637,0.059694,0.012932,0.061195,13.734365,370060.0,303052.75,180665.930451,198562.458509,23474.023234,25909.634652,20977.732279,24334.832916,250303.874679,246904.436477,33263.800953,35756.010862,26801.028563,26776.591287,42472.767655,48699.273011,136517.520621,133834.229939,56362.640625,20764.316406,20074.640625,6049.12207,2645.445557,14865.787109,1254.573242,2441.683594,4792.749023,1312.574707
22,1.1030166801860841,1.5669913019199568,0.8636453966949713,0.2678929295188525,1.0,0.0,25922275.847083002,9818746.926864,10501448.220706,23173067.318947997,2749208.528134,6015152.35387,809132.052493,6824284.406363,1991696.373778,106406.299663,2098102.673441,4837586.463638,312199.785868,5149786.249506,4961805.557552,389856.413647,5351661.9712,1920399.160741,131060.928601,2051460.089342,266054.623411,18483.901967,284538.525378,268703.471905,20293.103005,288996.57491,297394.650939,25430.095833,322824.746772,6640.716745,1818.911026,8459.627771,422926.24078,440802.027757,863728.268537,4302.876914,24511.54006,28814.416974,161513.455723,129108.322619,290621.778342,2018891.372952,340105.145595,2358996.518547,14.955896,7.672834,15.594847,8.396458,130273.227667,29049.52007,0.022048,0.075431,0.018189,0.072104,0.019961,0.073632,14.291389,432258.0,356620.312,67004.884546,109721.841145,7770.683156,14333.29324,6661.785302,11577.827326,312197.620321,330303.798953,40706.127554,50611.031196,34517.030966,38426.053394,44826.775692,53695.12089,164955.351149,171297.796018,66609.304688,24309.068359,24095.537109,7371.580566,3283.489258,18130.642578,1559.197388,2921.012939,5844.92041,1554.147217
23,1.1976716971256627,1.5303592005878,0.8668994011993031,0.6443119602038527,1.0,1.0,28258720.521619998,10734437.959865998,11492887.944539,25327611.217442997,2931109.3041780004,6602642.399734,856983.571061,7459625.970795,2165332.657131,111104.638511,2276437.295642,5290829.35658,333708.511958,5624537.868538,5452297.89364,416052.182362,5868350.076001,2085498.885677,139603.726367,2225102.612044,296883.199709,19994.264115,316877.463824,300490.774821,21991.038598,322481.813419,331579.739132,27435.677054,359015.416186,6918.024663,1887.802073,8805.826736,440129.363713,472093.267459,912222.631172,4462.65311,26540.436658,31003.089767,166590.64939,139140.853999,305731.50339,2183955.620143,364573.333963,2548528.954106,15.249998,7.5068,15.734901,8.166849,118641.16021,37381.254722,0.019289,0.068194,0.015682,0.064016,0.017333,0.065929,14.746019,459628.0,397750.062,73224.232022,134743.748514,8474.060096,18478.956469,7244.810942,13951.364608,360168.665706,404927.261293,46286.333294,65251.279784,39689.330842,48199.937254,49578.523,62249.912545,183461.856546,198145.172562,84056.695313,30074.894531,29825.1875,8449.689453,3752.631592,21705.501953,1736.462158,3265.5,6509.291504,1728.126953
24,1.1540034010348605,1.7578114465259522,0.8349836492240554,0.5659867415770408,1.0,1.0,27399097.819340996,10502504.255239,11049448.263214,24550624.726628996,2848473.092711,6466237.755518,838213.658631,7304451.414149,2115406.310121,109160.840122,2224567.150243,5085057.696765,322217.946745,5407275.64351,5239370.294737,402802.324966,5642172.619704,2015863.678029,135586.004786,2151449.682815,289580.419767,19457.978069,309038.397836,292492.099375,21386.849497,313878.948872,323864.989517,26703.354622,350568.344139,6777.866893,1852.292553,8630.159446,429454.849131,457890.784029,887345.63316,4393.360579,25597.508446,29990.869025,163527.880313,134416.695273,297944.575586,2118597.525884,353186.854972,2471784.380856,15.021845,7.614182,15.581686,8.290176,121013.133419,36572.657045,0.020205,0.069809,0.016558,0.065921,0.01823,0.067703,14.261324,453649.0,383526.812,69962.632441,124445.592161,8072.634876,16708.830021,6978.025993,12847.347402,346412.945292,365765.480734,45510.066869,56481.65026,38577.612215,42877.059436,48547.102268,57476.853689,178981.435769,184320.035949,76796.023438,27793.091797,27519.939453,8017.941895,3580.72876,20292.494141,1684.081177,3145.009033,6282.091797,1667.654053
25,0.9858837283477552,1.5934238310480422,0.8750367376359158,0.3198985128489536,0.0,0.0,23892988.948207,9062698.259892,9605306.571918,21386929.877557997,2506059.070649,5377602.643469,744881.710676,6122484.354145,2016283.130238,105497.447023,2121780.577261,4400310.998759,278538.660861,4678849.65962,4574461.133442,351995.778856,4926456.912298,1796874.947617,119458.93506,1916333.882677,247589.761215,16776.587086,264366.348302,250267.745745,18337.200427,268604.946171,262725.74022,22736.293792,285462.034013,6307.045315,1725.508108,8032.553423,404194.360829,400198.46841,804392.829239,4304.223212,21898.32597,26202.549181,154773.740496,116127.068212,270900.808708,1891234.407001,307887.086168,2199121.493169,14.555442,7.706185,15.324478,8.469752,96100.744528,21688.725211,0.018133,0.069415,0.014806,0.066354,0.016333,0.067759,13.907943,388513.0,317246.625,185902.634708,206874.15935,24181.461482,27141.70892,21800.409969,25932.627812,258852.250079,260397.512564,34141.071721,38196.036376,27708.452004,28414.126653,43406.617903,51281.976622,140308.655597,140122.734647,57240.550781,21175.433594,20656.642578,6365.944824,2808.603027,15489.163086,1347.573486,2571.012939,5093.009277,1380.138916
26,0.8653685858786159,1.6326969454911446,0.8004260201972909,0.4869674636011444,1.0,1.0,21976810.008193,8146657.497612999,8965238.935415,19694529.035957996,2282280.9722329997,4976386.563696,690384.225695,5666770.789391,1665998.849333,92057.841096,1758056.690429,4132316.621806,255106.658174,4387423.27998,4257588.326219,320227.329216,4577815.655435,1679879.06928,109483.451064,1789362.520344,215494.092842,14585.210554,230079.303396,216462.897788,16033.486823,232496.384612,238765.004959,20489.324826,259254.329785,5948.928809,1629.76831,7578.69712,383073.085404,361601.441538,744674.526942,3901.14909,19409.698962,23310.848052,148992.438422,103663.35536,252655.793782,1769722.00831,277609.180615,2047331.188925,14.378844,7.7862,15.264602,8.593381,65444.408321,19390.095626,0.014324,0.061403,0.011571,0.058515,0.012833,0.059839,13.748516,338036.0,292332.781,54210.733203,86541.96262,6290.747051,11364.634985,5496.310892,8727.944251,235871.408419,232628.078493,31065.606485,33325.527668,25347.180933,25365.4972,35915.346369,40193.81634,133459.492617,131659.798175,47850.179688,17917.726563,17068.525391,5322.453125,2324.943115,12916.234375,1124.525024,2209.964355,4303.437988,1186.010742
27,0.907619314571708,1.6642508321402563,0.9134735260857678,0.2554042094145736,1.0,1.0,22380900.337746,8340452.953879002,9094799.933587,20017321.508054,2363578.829689,5094456.55571,711846.241421,5806302.797131,1696872.68085,94550.74009,1791423.42094,4189599.717823,264993.196327,4454592.914151,4307971.890197,332235.129239,4640207.019436,1695075.112113,112927.937765,1808003.049878,221506.893383,15286.78342,236793.676803,222560.316723,16795.078954,239355.395677,245198.614688,21379.04864,266577.663328,6048.169072,1671.657244,7719.826316,389331.19094,374940.887267,764272.078207,4226.8444,20286.747874,24513.592275,151300.120343,108149.443185,259449.563529,1793173.401812,288515.938263,2081689.340075,14.38914,7.756541,15.254638,8.560299,83770.112676,23390.779632,0.017373,0.066806,0.014113,0.064066,0.015609,0.065324,13.762876,354969.0,305785.218,55481.481664,89123.582222,6439.252658,11722.023478,5628.352201,9025.176137,244530.427805,241814.540206,32158.357244,34677.09715,26408.107484,26569.58411,36928.46919,41410.058141,136756.819466,135002.305766,50109.527344,18538.707031,17816.083984,5535.82959,2451.154297,13556.72168,1172.237671,2293.585938,4502.022461,1221.848145
28,1.1395605097967152,1.5020464947550456,0.9310209324349467,0.07786649927733111,0.0,1.0,26074956.090526003,9977097.145494,10439309.046842001,23256599.987327997,2818356.103198,5911468.987294,821873.560013,6733342.547307,2215641.988044,116743.489998,2332385.478042,4777843.307492,316526.14197,5094369.449462,4945775.555121,399164.042259,5344939.59738,1930469.33743,134442.655385,2064911.992815,274736.239173,19453.864405,294190.103578,278292.328087,21233.248925,299525.577012,291724.758052,25928.681503,317653.439555,6747.804582,1840.236039,8588.040621,430142.705284,453373.751655,883516.456939,4690.762642,25300.854951,29991.617593,163050.571059,132951.80488,296002.375939,2026015.643068,349523.771215,2375539.414283,14.970558,7.664704,15.606713,8.399976,162991.750535,42693.523785,0.027094,0.081109,0.022438,0.077967,0.024579,0.079412,14.332874,448527.0,379031.75,211940.573068,242716.206629,27654.967902,32243.138799,25331.325201,32174.155303,296141.120758,312017.796209,38674.134082,47668.155325,32011.131883,35072.822442,47822.45122,59875.479715,155436.694194,160658.149961,66726.695313,24287.25,24075.916016,7415.330566,3356.77124,18358.197266,1580.179443,2959.706787,5935.990234,1567.391846
29,1.0253288369499982,1.622335370152364,0.8228941540231391,0.4208709118735368,0.0,0.0,24817664.978593003,9468213.461145,9958411.142817,22211337.488828998,2606327.4897660003,5618012.835124,770761.873726,6388774.70885,2108867.040161,109580.515488,2218447.555648,4559836.580677,290782.465339,4850619.046016,4739839.705434,367952.391368,5107792.096801,1857872.961514,124895.03144,1982767.992954,260364.203998,17664.76294,278028.966938,263456.284421,19311.987621,282768.272043,276408.904128,23785.053539,300193.957666,6394.083338,1765.643084,8159.726422,409620.493279,415342.761796,824963.255074,4318.344964,22883.463095,27201.808059,157213.095979,121047.868887,278260.964867,1949132.955812,320553.671443,2269686.627255,14.6795,7.696465,15.392536,8.432757,100941.797311,23353.10834,0.018394,0.06944,0.015068,0.066171,0.016594,0.067671,14.027222,403635.0,330428.281,198675.557027,222501.442118,25959.011755,29400.144236,23380.668937,28196.684742,276429.816939,280864.57618,36475.104332,41687.465507,29854.952824,31066.958073,45605.927075,54400.234328,147446.808797,148100.955622,61922.429688,22795.671875,22319.492188,6829.871582,3014.297607,16672.863281,1451.671509,2733.470459,5433.757324,1468.594482
30,1.2170070821403804,1.673161553806895,0.908460147248686,0.2770385463162336,1.0,0.0,27830500.571491003,10671340.768628001,11202901.143296,24863121.371212,2967379.200279,6554856.565216,866569.707802,7421426.273018,2150409.3995,112715.357926,2263124.757426,5154083.066507,337059.748204,5491142.814711,5290759.050505,420999.27808,5711758.328585,2035388.811485,141019.797708,2176408.609194,292334.531466,20404.787424,312739.31889,295771.783055,22411.985773,318183.768828,327978.573054,27888.077412,355866.650466,6971.76387,1896.089046,8867.852915,441124.093193,478936.709002,920060.802195,4694.221974,26943.417555,31637.639529,167130.550155,141113.061261,308243.611416,2141618.961232,369421.183086,2511040.144318,15.212705,7.622577,15.741277,8.309562,162726.300861,35993.920103,0.025046,0.079835,0.020809,0.076229,0.022755,0.077885,14.400856,475722.0,393553.687,71431.555653,120193.114268,8268.135741,15608.144382,7085.618956,12804.198073,349811.176169,376561.167728,45674.451158,58969.667742,39009.100045,44771.636731,49213.01769,59543.643301,181328.151909,189815.194332,75804.0,27481.164063,27522.761719,8311.75,3713.078857,20664.683594,1725.881104,3218.475586,6464.478027,1703.848145
31,1.0640561499713428,1.3210831921058284,0.915329770594906,0.37350060041671235,0.0,0.0,25201519.565746997,9484194.920797998,10214642.672125,22528005.709785,2673513.855963,5614011.833297,782277.482638,6396289.315935,2115890.405855,111308.767199,2227199.173054,4682786.427747,301029.507789,4983815.935536,4851326.956224,379499.780366,5230826.736589,1892249.462644,128018.657369,2020268.120013,260200.04185,18053.550247,278253.592097,263803.009998,19710.035412,283513.045411,274653.453184,24286.341117,298939.794301,6584.952598,1778.490137,8363.442735,421003.193774,428701.779863,849704.973637,4371.409496,23714.358983,28085.768479,159791.242999,125017.499188,284808.742186,1981333.320119,330117.605655,2311450.925774,14.860574,7.614641,15.528079,8.348528,113341.593899,25696.06913,0.019894,0.072075,0.016341,0.068735,0.017972,0.070268,14.495327,413569.0,343266.343,203253.024809,236436.647946,26435.109935,31524.000016,23703.82809,30838.895506,279762.993017,300729.647258,35943.325323,45995.398365,30046.115001,33725.807829,44972.232867,57908.280398,147111.38479,155078.340972,64645.804688,23617.613281,23268.769531,7038.014648,3114.268066,17354.744141,1472.517456,2791.628418,5555.705078,1491.575317
32,1.127236184608367,1.2952590237680264,0.8997812358010807,0.4162008829949227,0.0,0.0,26352448.152374998,9932369.362816999,10697527.505923,23560153.192356,2792294.9600219997,5880862.728496,811848.01409,6692710.742586,2217090.860079,115136.853703,2332227.713782,4904773.486162,315336.060653,5220109.546815,5080752.167674,396665.791434,5477417.959108,1968527.192791,133669.905322,2102197.098113,274139.749833,19022.447055,293162.196887,278606.901925,20766.385908,299373.287833,289429.387946,25466.033783,314895.421729,6773.935412,1825.906026,8599.841437,433612.930428,449571.991053,883184.921481,4675.735311,25051.475301,29727.210612,163010.967703,131644.721758,294655.689461,2057897.148596,346289.373936,2404186.522531,15.098128,7.585188,15.684699,8.295643,127065.716895,28995.131987,0.021113,0.073904,0.017419,0.070345,0.019114,0.071978,14.770522,433743.0,363222.843,217928.243226,258854.264582,28232.216723,34591.780444,25466.966181,34661.097664,299389.474874,332617.188246,38243.73373,52425.476128,32155.373406,37748.010875,47118.135694,62859.618554,154643.598867,166731.419396,70453.039063,25669.277344,25460.548828,7626.733887,3378.428711,18914.996094,1587.334473,2987.48999,5958.377441,1593.317261
33,0.9127080486964491,1.187490651937141,0.9187694149069001,0.36360140079776837,1.0,1.0,22459168.612827,8178220.336425001,9282057.058307,20089854.848456994,2369313.7643730002,4974227.505106,706403.923216,5680631.428322,1679339.47956,94499.170536,1773838.650096,4286360.446734,268909.719318,4555270.166052,4391411.978966,335374.913289,4726786.892255,1720106.52298,113562.770791,1833669.293771,215887.923461,15069.692773,230957.616234,217552.090802,16568.032012,234120.122813,237513.271423,21159.247537,258672.51896,6139.266354,1664.154055,7803.420409,397920.619898,377236.710767,775157.330665,4300.15431,20419.136326,24719.290636,151930.312338,108668.072334,260598.384671,1807165.276525,289778.221419,2096943.497943,14.567002,7.683198,15.404834,8.486627,80689.622638,23118.051121,0.01671,0.065485,0.013549,0.062586,0.014999,0.063916,14.421654,351177.0,306501.75,56686.930989,93819.527117,6708.578473,12756.985387,5712.276541,9599.28299,242510.174929,257328.765099,30918.531944,38320.898263,25874.09259,28479.679855,35961.924455,43919.100305,133269.091826,140922.042187,51395.253906,18974.136719,18244.740234,5596.447266,2472.609375,13797.451172,1174.985474,2310.574219,4528.425293,1228.555908
34,1.049491515164418,1.5605579742057076,0.9008205945727836,0.6571314067623645,1.0,0.0,25544359.752253998,9621042.394438,10399735.213829,22894876.439097,2649483.3131529996,5898658.154788,784163.812798,6682821.967586,1954041.56585,103324.576353,2057366.142204,4791013.931267,300042.435725,5091056.366992,4933808.959617,374869.88722,5308678.846837,1907028.86641,126757.146306,2033786.012717,262454.820339,17672.026153,280126.846492,265060.569701,19400.270692,284460.840393,291851.158824,24415.438938,316266.597763,6487.107589,1772.473415,8259.581005,413796.566623,423675.234639,837471.801262,4441.068354,23399.196313,27840.264667,158852.761206,123506.108916,282358.870122,2007380.908529,326484.705685,2333865.614214,14.721925,7.579184,15.375311,8.288595,82338.721785,21400.130799,0.015062,0.063337,0.012049,0.059505,0.013428,0.061259,14.285383,411068.0,338285.875,67134.853852,110537.830186,7792.465331,14439.39282,6627.422526,11584.799968,308781.589475,325705.266424,40294.915397,49775.587503,34002.189153,37541.504455,44262.250219,52784.994327,162070.084202,167689.599944,69780.6875,25165.054688,24684.417969,7160.170898,3139.457031,17981.880859,1475.141357,2818.582031,5581.562988,1505.563965
35,1.0839778064632202,1.798594155462966,0.8185348502750649,0.3087356696111228,1.0,0.0,25778426.825,9849745.917363001,10372986.56696,23062933.526001997,2715493.298998,6045112.28317,803801.048796,6848913.331966,1993461.655428,105707.375081,2099169.030509,4773218.762587,306145.262511,5079364.025099,4909983.157746,383639.384115,5293622.541861,1910249.082216,129715.585249,2039964.667465,267760.193488,18322.176571,286082.370059,270109.738453,20132.134702,290241.873155,300092.539539,25246.772135,325339.311674,6544.062068,1805.244002,8349.30607,416286.222741,434579.057387,850865.280128,4272.314331,24100.941071,28373.255402,160442.120207,127070.204009,287512.324216,2005401.394028,335228.113369,2340629.507396,14.843311,7.711064,15.505143,8.43102,122235.620143,27643.554133,0.021072,0.073748,0.01736,0.07044,0.019064,0.071959,14.011951,428863.0,350113.875,65925.724629,106235.03403,7619.536712,13679.268175,6582.853733,11160.08425,311927.708059,318759.407803,41355.169114,47903.825663,34793.753809,36912.544887,45050.4221,51909.000965,165761.96356,166967.357673,65586.351563,24015.798828,23751.611328,7286.220703,3241.16748,17855.3125,1554.731934,2899.35791,5797.677734,1546.939941
36,0.9798040297368049,1.4254482481818334,0.8551629533092749,0.23587608812691815,0.0,0.0,23695619.787088998,8917388.554889,9574661.914379,21201183.690675996,2494436.096414,5285920.097039,739158.001633,6025078.098672,1986690.668442,104825.45842,2091516.126862,4390086.584219,278232.514048,4668319.098267,4555301.445397,351041.370715,4906342.816112,1791163.134963,119186.90512,1910350.040082,242145.497516,16583.685414,258729.182929,244961.662021,18109.277147,263070.939168,256479.00337,22515.203888,278994.207258,6323.882179,1707.709039,8031.591218,404717.925847,399244.607566,803962.533414,4214.496179,21808.962259,26023.458438,154774.458789,115546.076251,270320.53504,1878404.834715,306476.324914,2184881.159629,14.633444,7.712484,15.406505,8.484343,98699.239899,21839.476742,0.0187,0.070504,0.015286,0.067553,0.016853,0.068908,14.019196,383088.0,315259.437,182438.15807,205438.045977,23720.846317,27072.521683,21152.539362,25705.701949,253635.406167,259842.850784,33061.061649,38337.919361,27060.0672,28403.170071,42169.545841,51187.12388,137549.375205,139807.008171,55969.742188,20717.431641,20206.650391,6284.409668,2771.394531,15220.380859,1335.917969,2544.888184,5043.630859,1366.281494
37,1.2545141077352266,1.415814558166609,0.9035770734739352,0.681164520453486,1.0,1.0,29224452.102898,11020632.314491,11970978.197632,26187365.122190006,3037086.980709,6775916.430523,880968.279602,7656884.710125,2224643.021116,113709.543464,2338352.56458,5514367.545968,348065.897094,5862433.443062,5675935.285409,432609.469161,6108544.75457,2156655.59145,144810.90479,2301466.49624,304923.470557,20755.170862,325678.641419,308913.230787,22749.035827,331662.266614,339590.846665,28463.285089,368054.131753,7096.143874,1887.435214,8983.579088,449784.012717,490936.316952,940720.329669,4920.387042,27775.815334,32696.202376,170076.662027,145114.960309,315191.622336,2254542.494055,379240.867011,2633783.361066,15.524696,7.440434,15.931111,8.082351,126519.056535,40638.69392,0.019726,0.068782,0.016017,0.064406,0.017715,0.066409,15.172363,464450.0,415793.093,75846.064108,144462.483322,8849.181663,20217.232939,7490.630378,15208.325019,374900.372521,446225.053008,47344.203891,74805.573819,40952.969436,53732.55503,50695.214693,66897.987597,188187.006807,211705.85149,90952.25,32246.548828,32086.628906,8909.685547,3952.330322,23200.304688,1798.568237,3400.997803,6771.79248,1791.872925
38,0.886481001916169,1.578814210886089,0.9332359934705704,0.4959320830158074,1.0,1.0,22153180.300551,8203280.924682001,9040819.836167,19830939.803273,2322240.4972790005,5007710.919737,700016.385891,5707727.305628,1672862.699402,93333.973005,1766196.672407,4161477.454445,260314.110793,4421791.565238,4292459.102345,326569.168584,4619028.270929,1687203.80068,111163.334614,1798367.135295,217657.358693,14898.165517,232555.52421,218876.737441,16377.978377,235254.715817,240634.579314,20912.127306,261546.70662,6007.92535,1650.030337,7657.955687,387355.028754,368257.103514,755612.132268,4120.764757,19842.551301,23963.316058,150336.49233,105897.128506,256233.620836,1784236.940025,283008.439534,2067245.379558,14.331825,7.722681,15.202045,8.52563,70088.74243,20612.663031,0.014984,0.062562,0.012091,0.059625,0.013418,0.060972,13.813946,346052.0,298441.781,55142.469586,88690.985003,6431.09649,11675.85136,5615.54462,9107.123376,240188.192938,238775.562208,31520.447187,34359.432124,25884.116727,26188.609481,36336.423041,41030.695369,134422.86538,133475.099079,49921.769531,18491.255859,17683.294922,5416.12793,2380.531006,13333.34375,1130.926514,2238.827393,4366.740234,1195.032593
39,0.8936912667869108,1.260368726974846,0.8950497511406907,0.6953058130590826,1.0,0.0,22588631.217182998,8249519.299407001,9333581.25074,20253973.180609997,2334658.0365730003,5027308.411274,699061.954478,5726370.365752,1696113.157055,93625.774116,1789738.931171,4311738.132071,264023.195504,4575761.327575,4428690.641649,329129.281515,4757819.923165,1733914.981759,112231.604395,1846146.586154,219218.045983,14827.271776,234045.317758,221047.939891,16322.338657,237370.278548,241125.802693,20868.603485,261994.406178,6069.454659,1646.56473,7716.019389,391667.389312,371267.17312,762934.562432,4169.49518,20024.877505,24194.372685,150823.766867,106692.463037,257516.229904,1822085.962217,284936.934255,2107022.896472,14.453895,7.635425,15.27366,8.417221,53675.673613,14266.566354,0.011563,0.057422,0.009071,0.053967,0.010212,0.055549,14.300077,344179.0,287039.968,58685.479477,92051.381141,6902.323607,12108.420371,5847.698518,9572.700961,247000.91278,259033.982038,31746.326706,38528.617944,26339.595679,28471.841137,36784.320522,44246.817051,135256.917807,141150.262384,53969.050781,19861.685547,19046.076172,5683.589844,2458.421631,14027.703125,1165.415771,2307.231201,4485.829102,1240.314819
40,0.9612193904140849,1.1110396909649098,0.8521491681903998,0.5807905248592551,1.0,0.0,23714345.093200997,8610872.136713,9871581.418861,21255877.947775,2458467.145426,5242669.650625,727015.378483,5969685.029108,1776209.261231,96863.020499,1873072.28173,4566501.563006,280277.684875,4846779.247881,4676006.290235,348795.880745,5024802.17098,1814327.207278,117940.331062,1932267.53834,229252.814168,15718.728087,244971.542255,231673.717567,17271.18802,248944.905587,252190.717041,22007.660992,274198.378033,6277.962891,1688.540742,7966.503633,406321.264758,393760.234649,800081.499407,4174.982305,21454.573883,25629.556188,154744.523426,113687.369494,268431.89292,1895527.993244,301986.553895,2197514.547139,14.793241,7.605974,15.528373,8.364408,72558.953027,18380.858752,0.014344,0.062349,0.0115,0.058891,0.012803,0.060475,14.89743,365206.0,308262.968,62605.777043,102347.467528,7307.035897,13501.983895,6230.192302,11007.691806,264839.361084,297222.437409,33292.789676,46253.334888,28202.520859,33432.790037,38339.557918,49486.840726,141272.407668,155896.152604,59009.109375,21656.419922,21028.878906,6274.986328,2739.171143,15513.908203,1306.328369,2529.184082,4970.020996,1353.750488
41,1.315532811134233,1.1741083950136542,0.8440801979115476,0.43601949281313923,1.0,1.0,29574763.045865998,10911831.618915,12301068.983659,26428128.815913998,3146634.2299499996,6672657.912928,898781.20983,7571439.122758,2221796.06566,116039.222373,2337835.288033,5673356.513413,366072.35521,6039428.868624,5807909.178967,453730.936068,6261640.115035,2193333.424815,150107.837732,2343441.262548,297410.685511,21181.976143,318592.661653,301449.949751,23138.547759,324588.49751,330350.118644,29025.930316,359376.048961,7313.508032,1942.498315,9256.006347,467424.77962,510911.847619,978336.62724,5388.943569,29071.98554,34460.929109,174024.461168,151637.772085,325662.233253,2275713.273836,394992.11096,2670705.384795,16.170595,7.476228,16.485992,8.14028,186255.920956,53563.781932,0.027152,0.080048,0.0227,0.076,0.024743,0.077858,16.089579,446312.0,417828.218,76000.199742,147771.8209,8936.164853,21086.757718,7553.979341,16072.623454,362759.311169,475991.995775,44012.421171,82394.481203,38915.500527,58497.627817,48940.561028,71902.771129,183934.714928,226200.646341,86350.851563,31118.111328,31270.662109,9122.161133,4093.936279,23319.945313,1872.210571,3503.92041,7012.793945,1837.119751
42,1.0578300855121534,1.2292071890314096,0.8315609631331944,0.8278642000641883,0.0,1.0,25849363.767707,9653095.036601001,10578908.023931,23187721.050012,2661642.717696,5716315.175822,778725.644085,6495040.819907,2166095.223208,110420.338707,2276515.561915,4854370.790258,300375.532172,5154746.322429,5046519.590988,377642.110513,5424161.701502,1958786.860825,128106.542872,2086893.403697,267528.028127,17851.541762,285379.569888,271935.932165,19512.363888,291448.296054,280635.476369,24075.312468,304710.788837,6521.555906,1774.338841,8295.894747,419004.551047,426624.192759,845628.743806,4399.766126,23587.429637,27987.195762,160322.941219,124384.925437,284707.866656,2035285.157952,328562.444555,2363847.602507,14.939762,7.523503,15.547604,8.221755,79781.034537,26558.305653,0.014922,0.060932,0.011801,0.056898,0.013229,0.058743,14.897063,405456.0,350987.031,215571.414889,258061.797438,27675.330461,34325.914616,24480.493374,33413.215508,292672.156581,328793.460961,37260.134621,52247.593214,31050.714271,36548.269888,45745.421511,61637.972436,150218.685991,163271.899012,73105.554688,26297.787109,25705.8125,7321.025879,3213.342041,18553.84375,1518.778076,2892.032471,5707.108398,1544.44397
43,0.9540531058468036,1.310210300171395,0.7777367936327947,0.7830791766520566,1.0,0.0,24004075.19114799,8860605.76008,9892808.935816,21555509.665455997,2448565.525691,5415098.031079,729745.19018,6144843.22126,1821262.741652,96897.245411,1918159.987064,4568904.545032,276878.52347,4845783.068502,4701839.001268,345186.866046,5047025.867314,1829625.937918,117452.07206,1947078.009978,238101.863564,15815.257586,253917.12115,240630.133895,17396.523107,258026.657002,263539.144429,22119.629175,285658.773604,6213.289321,1693.140488,7906.429809,401072.522436,390843.963098,791916.485533,4096.191717,21289.808183,25385.9999,154084.451417,112973.415985,267057.867402,1911041.811728,300273.890902,2211315.70263,14.676633,7.627289,15.407916,8.369596,60181.607483,16488.206428,0.012272,0.058182,0.009617,0.054467,0.010832,0.056167,14.467303,368394.0,306323.093,63201.002006,102235.683457,7380.384842,13503.758467,6276.035783,10796.09662,275141.986629,294962.232293,35256.773445,44795.840728,29599.059253,33067.29352,39998.445918,48915.653743,147214.543376,155708.63364,61301.933594,22414.898438,21711.794922,6405.280273,2779.549805,15832.775391,1336.738281,2571.285889,5046.311523,1384.831421
44,1.164579903023846,1.5249970674227769,0.9444156632864192,0.46207576151363167,1.0,0.0,27058160.90114901,10252769.569327999,10983549.77693,24189880.97392,2868279.927232,6286590.384876,839014.54189,7125604.926765,2073665.085733,109693.77343,2183358.859163,5061543.899835,326625.573009,5388169.472844,5188005.23086,407375.073226,5595380.304086,1993463.471162,136566.658335,2130030.129496,280086.448374,19471.557162,299558.005536,283143.107056,21372.037741,304515.144797,313014.184181,26718.448886,339732.633067,6829.49863,1856.718274,8686.216904,434097.619534,461899.049696,895996.669229,4699.176961,25849.768204,30548.945165,164692.10999,135665.891953,300358.001944,2100050.756728,356170.835426,2456221.592153,15.087264,7.579674,15.647345,8.274169,134342.992711,31034.66597,0.021657,0.07467,0.017884,0.070986,0.019615,0.072676,14.523545,453754.0,376037.281,70409.203686,118885.252938,8171.546562,15704.656037,6995.209863,12669.902501,333682.642587,364417.022838,43253.068926,57500.447257,36805.739494,42873.039712,47148.92571,58094.744408,173315.099578,183938.653129,74226.585938,26834.919922,26714.890625,7914.279297,3521.331299,19847.136719,1633.3479,3077.311523,6156.244141,1630.975952
45,1.0058049724694684,1.7249949423764315,0.8643415274338606,0.5364035230795308,1.0,0.0,24612932.799544998,9300991.761271,9967133.389476,22037807.431146998,2575125.368396,5699671.696481,766139.643585,6465811.340066,1887775.814222,101425.44134,1989201.255563,4586519.025725,290338.832502,4876857.858227,4726243.697675,364031.833574,5090275.531249,1841274.041439,123370.152833,1964644.194272,251703.914619,17127.139566,268831.054185,254029.361961,18807.997502,272837.359463,280606.090842,23704.661151,304310.751994,6357.742098,1739.984261,8097.72636,404362.184045,410493.837613,814856.021657,4115.861747,22542.876061,26658.737808,156271.982923,119214.532992,275486.515915,1938876.01737,316188.435416,2255064.452786,14.600327,7.680912,15.323991,8.415202,87234.064204,21297.699124,0.016344,0.065814,0.013271,0.062393,0.01468,0.063961,13.960932,395434.0,323977.343,63520.222272,100860.799683,7386.084143,12929.677413,6323.60327,10553.692284,290591.177025,294799.160395,38413.104322,43790.17127,31966.810047,33418.479279,42444.608766,48659.791864,155737.814541,156273.474793,62299.695313,22761.001953,22218.828125,6677.860352,2942.72583,16497.435547,1405.629028,2676.641602,5302.287109,1432.313599
46,1.113379965118746,1.8953001068518933,0.8734527846845317,0.6979380344373145,0.0,1.0,26878175.785066,10426170.281536,10703043.624666,24105517.350795,2772658.4342709994,6203856.91321,815649.302098,7019506.215308,2321148.037374,116360.336244,2437508.373618,4895005.600933,308935.85754,5203941.458473,5109555.665731,389546.500462,5499102.166193,1987099.941928,132057.04558,2119156.987507,293922.836852,19291.588152,313214.425004,298213.003163,21111.861178,319324.864341,310888.542697,25727.860568,336616.403265,6668.838549,1823.757173,8492.595722,424221.74305,444451.941516,868673.684566,4422.669673,24734.286467,29156.95614,161492.751713,130188.185999,291680.937712,2089020.805922,342779.911294,2431800.717217,14.714728,7.585886,15.318231,8.256668,95796.036825,30658.933846,0.016831,0.064253,0.013512,0.060218,0.015031,0.062064,14.025269,442826.0,371364.812,233183.487941,261468.464091,30457.320809,34509.744104,28049.262043,34091.684699,321279.111444,326485.529588,42779.445545,49059.067982,35050.415183,36505.927799,51652.127805,60970.677711,164389.634078,163690.971061,77064.789063,27750.685547,27275.109375,7787.973145,3443.516602,19767.523438,1614.783569,3047.863281,6047.95166,1625.770386
47,1.1372273189267474,1.4074472417512927,0.8786589159138795,0.3915678408636937,1.0,1.0,26553619.640476,9978662.588304,10837549.4506,23740812.156540997,2812807.483935,6110909.566157,822618.630116,6933528.196273,2025288.977503,107585.146043,2132874.123546,4996094.78026,321029.441705,5317124.221965,5120293.170729,400132.057906,5520425.228635,1969882.079605,134242.209749,2104124.289354,271187.003333,18927.124993,290114.128326,273863.596505,20761.505965,294625.10247,301510.952432,26010.085256,327521.037689,6760.235315,1832.96256,8593.197875,430401.087421,452768.662136,883169.749557,4743.418609,25265.014946,30008.433555,163553.837251,132709.575082,296263.412333,2066323.451421,348925.067478,2415248.518898,15.134343,7.614379,15.717168,8.321439,137710.15887,39020.844061,0.023084,0.074664,0.019072,0.07112,0.020913,0.072747,14.66258,439970.0,378189.125,67884.918576,121097.401213,7957.633471,16718.158879,6859.916316,12829.750606,321549.997929,356319.337639,41167.082042,56192.198163,35144.654031,41663.40975,45225.828498,56662.760364,167829.900739,180944.482012,70922.664063,25736.904297,25510.078125,7619.523438,3424.630127,19134.222656,1609.772461,3021.858154,6043.174316,1594.978027
48,0.9272067523489248,1.6471178567752827,0.8720705813738223,0.21827606152751003,0.0,1.0,22745242.397452,8581248.545491,9144273.744868,20344779.34753,2400463.0499239997,5089529.10744,717579.580708,5807108.688148,1905673.285827,101783.261008,2007456.546835,4187525.403872,266371.34253,4453896.746401,4353506.445874,336870.552593,4690376.998467,1725385.354723,114830.831371,1840216.186094,232114.358196,15870.381701,247984.739896,234055.139466,17335.971267,251391.110733,245679.902128,21627.557751,267307.459879,6148.587053,1676.378725,7824.965778,394123.096938,382088.657013,776211.753951,4175.409545,20717.045187,24892.454732,152160.977004,110193.914608,262354.891612,1814702.279464,293517.575462,2108219.854926,14.421122,7.759484,15.267256,8.553708,90579.565877,24917.363779,0.018361,0.068303,0.014977,0.065553,0.016531,0.066816,13.653953,364033.0,312637.968,169308.682046,185954.961294,22173.846203,24459.216515,19627.028008,22690.856172,237418.330551,234079.34556,31329.744522,33594.813667,25312.38384,25278.07071,40635.08417,46710.338059,132097.110187,129890.836358,51423.257813,19074.164063,18391.871094,5741.939941,2544.811279,13971.550781,1225.620117,2369.636963,4669.088867,1268.583496
49,1.1167078816528664,1.5850381119142716,0.9612044034008336,0.1475022180313342,0.0,1.0,25764652.297663994,9874140.293590002,10298494.307179,22989331.780927002,2775320.5167360003,5852675.932939,813198.882264,6665874.815203,2190767.397234,115410.773448,2306178.170682,4712318.319216,311064.477749,5023382.796966,4882725.147072,392386.363141,5275111.510213,1907123.37224,132237.256559,2039360.628799,271911.67307,19106.72779,291018.400861,275755.59229,20874.904009,296630.496299,288906.901634,25531.508912,314438.410545,6662.272899,1837.91331,8500.18621,426007.567232,444735.133063,870742.700294,4478.903901,24781.804198,29260.708098,162224.37661,130557.326604,292781.703215,2007774.32459,343597.445689,2351371.770279,14.833569,7.662895,15.494746,8.394838,149999.362277,39844.274749,0.025422,0.078671,0.021006,0.075498,0.023035,0.076956,14.17427,441761.0,372828.625,209224.944597,236941.410527,27192.414447,31212.354578,25021.687808,31032.445523,292333.111725,302522.530524,38328.18752,45499.526179,31629.567307,33813.60996,47578.517467,58141.927753,153786.97509,156519.620685,65907.625,23995.634766,23720.101563,7249.523926,3273.44043,18001.503906,1536.60022,2896.053223,5796.728027,1534.36145
50,1.0384774044605847,1.9366563170809215,0.8897599840805166,0.7455733163877531,0.0,0.0,25524849.042137,9840645.960258,10184466.06898,22892963.511417996,2631885.5307190004,5850568.416138,779756.928422,6630325.34456,2191108.112986,111115.472868,2302223.585853,4657682.172085,292524.083156,4950206.255241,4864615.974824,369643.838915,5234259.813739,1902950.421461,125825.514661,2028775.936122,275191.574299,18056.777931,293248.35223,279104.082086,19767.913329,298871.995415,291742.002353,24234.679847,315976.6822,6433.251193,1767.871965,8201.123159,409030.828036,419934.325786,828965.153822,4315.770159,23163.080182,27478.850341,157781.394405,122349.793178,280131.187583,2002439.511393,323745.250479,2326184.761872,14.497228,7.611757,15.173897,8.3092,74843.604299,19883.570977,0.013948,0.061304,0.011041,0.05741,0.012371,0.059192,13.851167,410805.0,335452.937,215052.585257,238060.305866,28059.584556,31256.544589,25602.98942,30238.823805,295472.851007,294298.368488,39511.998758,43413.970734,32205.199689,32660.500168,48547.628314,55961.976898,154279.668175,151512.697148,70202.9375,25355.560547,24775.591797,7165.199219,3129.510742,17920.990234,1477.369995,2817.465332,5561.669922,1515.652832
51,1.041487949896695,1.7859389362886844,0.9918374851377036,0.8506620722409521,0.0,1.0,25413664.103089996,9741517.865457,10175751.623516,22776941.707090005,2636722.3959999997,5784755.754167,779611.54154,6564367.295706,2167824.486738,111046.775342,2278871.262079,4654003.802657,293719.623725,4947723.426382,4857084.285821,370943.911313,5228028.197134,1896453.873056,126079.847619,2022533.720675,272534.312689,18060.331492,290594.644181,276560.970194,19740.778547,296301.748742,287149.565212,24233.349537,311382.914749,6461.242508,1768.445966,8229.688474,410844.009615,421119.617659,831963.627274,4475.898442,23227.40784,27703.306282,158199.012963,122672.590852,280871.603815,2000594.493028,324498.174568,2325092.667597,14.454423,7.552122,15.13078,8.25223,77207.487604,25413.922266,0.014626,0.060685,0.011525,0.056731,0.012944,0.05854,13.963807,412097.0,348510.281,214346.765995,239319.407551,27848.44394,31384.49607,25250.327205,30289.472283,293356.587551,295992.912202,39013.487649,44029.033852,31736.11163,32670.21893,47881.769551,56194.64997,152594.910463,151527.231972,71438.992188,25564.666016,24911.894531,7045.273926,3105.949219,17988.226563,1442.205322,2786.716064,5488.858398,1486.836426
52,0.9919010913441682,1.2578775651966048,0.8926065973319804,0.1994263271938168,0.0,0.0,23750043.546910003,8855218.776642,9662927.47087,21237578.495559998,2512465.0513509996,5240231.442713,741489.715898,5981721.15861,1974753.847142,105074.399288,2079828.24643,4437200.856147,281999.597076,4719200.453223,4589008.914568,354718.103079,4943727.017647,1798386.458908,119936.013378,1918322.472287,240011.658996,16613.920081,256625.579076,243065.625205,18148.89198,261214.517185,253250.590571,22578.68477,275829.275341,6377.530631,1723.084425,8100.615056,409757.577698,402274.874799,812032.452497,4420.611832,22026.595704,26447.207536,155537.533707,116697.874616,272235.408323,1885575.847442,309183.296257,2194759.143699,14.726073,7.677325,15.483928,8.450484,103942.164563,22745.573463,0.01945,0.071832,0.015904,0.068886,0.017533,0.070239,14.252003,385510.0,318777.125,183103.575544,210600.159378,23881.785049,28087.024567,21000.744818,26521.346977,253166.65429,267603.999731,32542.257169,40182.726422,26839.005507,29302.946537,41326.984783,52306.483431,136072.98018,142190.200826,56539.054688,20875.667969,20405.060547,6325.522461,2794.677734,15373.892578,1337.593994,2556.676758,5067.609375,1369.160889
53,1.0900177267046856,1.4521093293815475,0.9097996577632215,0.7636250455686268,0.0,1.0,26336301.017385,10003335.752705,10647010.474674001,23611663.766574003,2724637.250809999,5931706.468956,799310.176349,6731016.645306,2236876.533783,113371.914087,2350248.44787,4878223.508035,305818.377705,5184041.885741,5078007.890778,384960.698155,5462968.588933,1969005.998013,130356.176879,2099362.174893,279830.206985,18600.816566,298431.023551,284130.433099,20331.41324,304461.846338,294236.945897,24940.843744,319177.78964,6609.30949,1810.419432,8419.728921,423767.61808,436430.167251,860197.785331,4818.747513,24233.836063,29052.583576,160949.325197,127736.810436,288686.135634,2063500.780748,336735.600903,2400236.381651,14.802824,7.52431,15.405517,8.210928,87682.146496,28616.030879,0.01584,0.062621,0.012594,0.058554,0.014079,0.060415,14.495347,424510.0,363609.718,223898.581834,260326.779715,28678.660093,34047.179438,26215.055264,34130.516827,306282.069933,329081.12706,39770.576714,51099.539714,32965.956691,36870.621491,48507.131155,61766.874588,157061.961894,164219.29338,75820.34375,27173.863281,26643.5625,7535.787598,3321.681641,19222.96875,1548.73877,2955.335205,5843.085449,1575.122192
54,0.9758988276061124,1.4865607959337834,0.7855389165784096,0.6177851572561268,0.0,0.0,24273643.281894002,9165731.793926999,9817612.870861001,21784647.704444,2488995.5774490004,5439549.689964,739729.283018,6179278.972982,2050558.09127,104723.745415,2155281.836685,4504864.428313,277051.949523,4781916.377836,4686449.976272,349246.516753,5035696.493025,1837566.53819,119063.44644,1956629.98463,252302.462321,16598.082994,268900.545315,255266.612497,18131.164746,273397.777244,266355.946947,22516.714754,288872.661701,6278.975055,1710.133995,7989.10905,403465.885655,397739.997304,801205.882959,4259.318245,21723.052579,25982.370824,154816.947885,115180.48342,269997.431305,1922912.83183,305581.006508,2228493.838338,14.59759,7.666198,15.328688,8.402235,71725.758393,18427.417331,0.014031,0.061562,0.011222,0.057994,0.012508,0.059629,14.099628,380852.0,313423.312,193129.043935,217928.125022,25019.661451,28604.869201,22266.664674,27131.862488,266873.797722,274041.075887,34972.730452,40830.866394,28496.500692,29949.336323,44016.083134,53351.051585,142634.355276,144814.066652,61265.359375,22572.326172,21942.623047,6556.759766,2857.502197,16085.785156,1378.283691,2626.872314,5176.403809,1417.62915
55,0.9681161723801933,1.3678705551769479,0.8974871975285141,0.40680004972606676,0.0,1.0,23547997.570448,8814837.744217,9550900.766221,21073926.492092,2474071.078353,5219847.89103,734010.985933,5953858.876963,1965362.257222,103975.877053,2069338.134276,4381807.631089,276348.932311,4658156.563401,4544361.349471,348382.853349,4892744.20282,1784456.311509,118250.271396,1902706.582905,239511.645377,16351.455432,255863.100809,242602.101785,17891.46233,260493.564115,253008.941686,22275.126368,275284.068054,6278.025506,1707.303985,7985.329491,403864.72267,395195.527644,799060.250314,4281.963055,21563.847127,25845.810182,154459.000846,114408.25979,268867.260637,1874084.650846,303709.175635,2177793.826481,14.580532,7.676044,15.355551,8.444886,92662.386293,26407.850713,0.018132,0.06739,0.014765,0.0643,0.01631,0.065718,14.105223,376919.0,324373.218,181709.614974,205670.384868,23602.589062,27137.593398,20780.480662,25413.518998,251223.688515,259203.809134,32600.347451,38330.471505,26775.605923,28320.952989,41521.66529,50841.918822,135762.386036,138838.158036,56494.28125,20831.330078,20213.992188,6148.666016,2729.768066,15167.037109,1302.40918,2510.51709,4955.0625,1340.068481
56,1.0659884137475717,1.353504350110216,0.9221325350362595,0.353852827635021,0.0,1.0,25175175.840209,9492348.145817999,10185485.512637,22497582.660671998,2677593.179537,5619551.511968,783970.870051,6403522.382019,2115837.580798,111500.122788,2227337.703587,4666377.090696,301000.378787,4967377.469482,4838342.471309,379765.571846,5218108.043155,1888648.835693,128274.720889,2016923.556582,260428.392268,18139.666062,278568.05833,263806.820093,19786.7695,283593.589593,274964.17511,24362.237179,299326.412289,6596.328495,1779.067928,8375.396423,420987.43576,429415.043127,850402.478888,4389.321106,23757.136959,28146.458065,159440.167329,125229.421875,284669.589204,1978212.530047,330612.172546,2308824.702592,14.839053,7.63216,15.511463,8.366311,120955.843959,33831.925899,0.021534,0.072532,0.017706,0.069232,0.019463,0.070747,14.42983,416033.0,355166.968,202014.584078,233591.105825,26207.652965,30960.148702,23625.782303,30388.600311,279508.04459,298072.326657,36122.576844,45549.326352,29925.071013,33161.337759,45116.168109,57520.199324,147370.932103,154324.94248,64463.050781,23523.410156,23113.685547,6961.14502,3117.597656,17344.357422,1471.164673,2793.362061,5559.499023,1483.054321
57,1.0492129046167584,1.495393407138138,0.817662841695005,0.508545914285718,0.0,1.0,25296100.469212,9618051.033863999,10188160.331701,22647678.507817,2648421.961393,5702838.922826,780210.248469,6483049.171296,2147480.920962,110759.845957,2258240.766919,4669458.109355,296352.16422,4965810.273575,4848100.256331,374249.801795,5222350.058126,1895921.267721,126949.858441,2022871.126162,265197.677493,17972.639572,283170.317065,268791.294767,19631.416301,288422.711068,281003.165367,24164.90215,305168.067516,6490.928732,1780.642568,8271.5713,415874.484216,423103.124478,838977.608695,4523.597147,23374.767667,27898.364814,158753.501327,123478.972099,282232.473427,1983244.381573,326393.577676,2309637.959249,14.792708,7.659477,15.46774,8.384903,106703.212552,31079.088496,0.019391,0.068831,0.015888,0.065403,0.017495,0.066975,14.250441,411528.0,351046.593,204658.644603,232953.403855,26517.454312,30652.909865,24051.424007,29989.113182,284323.138275,296359.409443,37183.539949,44798.89317,30655.347771,32977.196393,46205.179912,57006.870537,150066.872986,153948.317056,65032.425781,23839.972656,23356.304688,7023.858887,3125.804199,17404.285156,1497.481445,2819.377441,5605.681641,1504.429688
58,1.017636408586219,1.471112050114997,0.8472011124090938,0.5973910600202923,1.0,0.0,24933170.910456,9334506.650995001,10181596.691651,22340966.489559997,2592204.4208939997,5712950.126804,768199.457546,6481149.584351,1904018.641137,101583.2724,2005601.913537,4691992.482461,293668.961282,4985661.443742,4828788.659,367146.588909,5195935.247909,1874335.587441,124499.084977,1998834.672418,252313.570251,17130.46312,269444.033371,255038.163273,18832.571886,273870.73516,280698.236474,23742.148102,304440.384576,6375.925835,1746.543884,8122.469719,407813.373716,413847.619373,821660.993089,4157.597644,22764.395761,26921.993405,157176.467855,120297.442376,277473.910232,1965307.657669,318745.871278,2284053.528947,14.730254,7.620312,15.415733,8.346325,82000.956806,20900.096779,0.015343,0.063852,0.012364,0.06022,0.013728,0.061884,14.321617,396957.0,327683.468,65380.583287,106581.431575,7670.271071,14157.572479,6471.664973,11168.626424,294718.715164,311758.316155,38190.506884,47370.970846,32221.339451,35642.537179,42548.929009,51059.599535,156275.158261,162655.826674,65185.226563,23719.605469,23180.160156,6861.022461,3009.34082,17044.568359,1432.675415,2730.560059,5403.04834,1461.816406
59,0.8786692451987925,1.1364490584898195,0.8794674830007356,0.6629090047687807,1.0,0.0,22266276.982078,8048205.031921,9260205.302705001,19962716.267186996,2303560.71489,4895581.401132,688378.324098,5583959.72523,1661057.841102,92555.710557,1753613.55166,4281157.516797,261316.328912,4542473.845709,4391949.373466,325782.08353,4717731.456996,1717118.85935,110780.500723,1827899.360073,212389.950145,14483.730246,226873.680391,214111.741715,15922.405103,230034.146818,233293.1051,20430.822722,253723.927822,6054.797691,1628.331731,7683.129422,392742.056409,366528.480644,759270.537053,4157.66122,19715.454826,23873.116046,150113.957179,105064.711957,255178.669136,1802988.005881,280973.829841,2083961.835722,14.506338,7.636388,15.343092,8.43071,52497.329133,13834.224985,0.011452,0.057349,0.009016,0.053971,0.010131,0.055518,14.521852,335198.0,280932.562,57832.142796,90830.385652,6740.827683,11688.263709,5757.605802,9476.857331,238912.351648,255687.380306,30436.13316,38455.975802,25231.687416,27901.983522,35584.813182,43925.394346,131171.438426,139964.481289,51939.601563,19224.1875,18385.787109,5529.315918,2384.158936,13588.380859,1132.559814,2251.447754,4367.413574,1211.032104
60,1.1053058597208831,1.3565100404519592,0.8600205612612191,0.5343515420057237,0.0,1.0,26253279.212999,9933716.477119999,10633562.582021,23501558.604263995,2751720.608736,5887458.436688,803646.122308,6691104.558996,2219747.126885,114011.720926,2333758.847811,4875645.576338,309866.347695,5185511.924033,5058135.935902,389914.722086,5448050.657988,1964218.048683,131707.759533,2095925.808216,275085.6839,18748.420015,293834.103915,279154.700932,20478.77921,299633.480142,290272.84198,25112.644277,315385.486256,6663.432223,1815.591747,8479.02397,426483.30643,441854.462072,868337.768502,4631.874727,24573.106847,29204.981574,162582.901784,129346.153186,291929.05497,2051478.737792,340644.778834,2392123.516626,15.000257,7.587795,15.601409,8.292764,115518.418989,34083.917158,0.020016,0.069752,0.01642,0.066068,0.018069,0.067757,14.643785,428191.0,367198.625,217576.756046,255375.845477,28112.264475,33863.688349,25501.282465,33881.872673,300073.793957,327708.993449,38619.27202,51213.289204,32283.215827,36985.125019,47478.675174,61984.850848,155101.215274,164856.893552,70995.085938,25840.873047,25472.675781,7506.074707,3341.14624,18833.974609,1578.050293,2971.195068,5912.145996,1579.740845
